Method,Domain Shift (Hits),Perplexity (PPL),Degeneracy (Loops)
Baseline,0.06666666666666667,52.404523819473965,0.23389531496013669
Single-Atom,0.06666666666666667,46.48973619213146,0.23655967411749682
Surgeon-Pop,1.9333333333333333,14.426646980901042,0.30399902796945805
